original_url,affiliate_url
https://www.mercadolibre.com.mx/sillas-plegables-de-plastico-blanca-paquete-con-4-sillas-color-blanco/p/MLM47589514,https://mercadolibre.com/sec/2Xi5jYg
https://articulo.mercadolibre.com.mx/MLM-3807454578-chaqueta-abrigo-caballero-para-hombre-chamarras-sombrero-_JM?searchVariation=184149504834,https://mercadolibre.com/sec/2fUShtH
https://www.mercadolibre.com.mx/guirnalda-de-navidad-decorativa-navidena-180cm-natural-con-luces-led-radiant-dorada-3-tipo-de-rama-diferente-pe-pvc-pine-decoracion-con-berries-y-esferas-christmas-garland-estructura-de-ratan/p/MLM53620416,https://mercadolibre.com/sec/2CaJFs7
https://click1.mercadolibre.com.mx/mclics/clicks/external/MLM/count?a=Q0Nn2iDs%2BDzTj1vwLnKY7Wsc9TsMiWXtWZ0xe%2B5Sb%2F0St4qsk%2BbzCwprvEK083ezJjuGNvf5J1Wh%2Fm4Kg8Lyvg%2FKpz%2FwpQpdzQ%2FuY2p50it7aUQ0PhWdXkXLA9eoYYCjAAvyBdV2gXlL%2B%2FwiHUNRMwcfaT378CcdarYa56UDrULcmAb8z5OEz2qsaS%2FL72gQaw2VgyUw1rA4o6Z2%2B0xV1Snu8wnMDg%2Fn7RWS5HE3SAD9UPp1bkruzyZA4MV2DEhHS9ufM6NqIwRKSn%2F02Lw1rhx0sDmMAxI3zNk977gaSZizKYRfMbEWl5S9WCffMnnwbKsiI8ndxoybNOcQI5vX8oEvGNKYdC7gsv%2BnYla%2FUIMB2ueZN5NzMOXRilq6om%2BXEaZaUsIws4VKUm1m2boJLsTfeWbb78z04%2F2xMt%2BYKiL4zFl%2BdWnkxODG5XphR86s9o1De8fSMyaxd91nuaSXg1vPMxdDqd3LODotWEIeIzPDPymFiq2IdrUs05IQrbMcYuXRFAm5ghvBcYNYHeK67Zr6vMjXYZRqPA%3D%3D&url=https%3A%2F%2Fwww.mercadolibre.com.mx%2Fpaquete-sueros-cuidado-facial-hombre-serum-dia-y-noche-50ml-acido-hialuronico-retinol-serums-para-rutina-completa-skincare-masculino%2Fp%2FMLM35608561%23searchVariation%3DMLM35608561%26position%3D37%26search_layout%3Dgrid%26deal_print_id%3D57542f69-7ac8-4caf-a6bf-edd7fa8a08f3%26tracking_id%3Dfd2f268e-a7b0-46be-8a3e-4d01d87d6038&lm=-1653528371,https://mercadolibre.com/sec/1MGsQKw
https://www.mercadolibre.com.mx/perchero-zapatera-2-en-1-organizador-rack-estante-ganchos-color-negro/p/MLM34231113,https://mercadolibre.com/sec/2EPsoY6
https://www.mercadolibre.com.mx/waflera-redonda-electrica-para-waffles-facil-limpiado-antiadherente-color-rojo/p/MLM34232726,https://mercadolibre.com/sec/1vFKYWc
https://www.mercadolibre.com.mx/triciclo-infantil-3-en-1-para-bebe-bicicleta-tipo-carreola-color-gris/p/MLM40466563,https://mercadolibre.com/sec/2JZuL4X
https://articulo.mercadolibre.com.mx/MLM-4115226206-tenis-dc-shoes-hombre-coiler-negro-skate-casual-_JM?searchVariation=191051023853,https://mercadolibre.com/sec/1jmBWvR
https://www.mercadolibre.com.mx/barra-de-ejercicios-pared-barra-de-dominadas-8-ejercicios-en-1-color-negro-raganet/p/MLM35582591,https://mercadolibre.com/sec/1WDrj7j
https://www.mercadolibre.com.mx/especiero-giratorio-20-tarros-vidrio-organizador-de-especias-y-condimentos/p/MLM28434978,https://mercadolibre.com/sec/328ADP4
https://www.mercadolibre.com.mx/recipientes-hermeticos-de-vidrio-almacenamiento-cocina-12-pz-color-transparente/p/MLM45409690,https://mercadolibre.com/sec/1pmMnkP
https://articulo.mercadolibre.com.mx/MLM-1370630655-guantes-de-nitrilo-libre-de-latex-sin-polvo-azul-negro-_JM?searchVariation=187285623439,https://mercadolibre.com/sec/2gD8qzC
https://www.mercadolibre.com.mx/gimnasio-para-bebe-tapete-pelotas-tortuga-actividades-ninos-color-verde/p/MLM40652489,https://mercadolibre.com/sec/1kJvb89
https://click1.mercadolibre.com.mx/mclics/clicks/external/MLM/count?a=ATq6XhN6ZAPGKXZ7XW8TvKNRnlZGnGM1L3wI1JZzb4WRe07eXrGFvhrSqxSbhGaknW9ynTL1WV4ynsMFcZnzH03BPHlImqy%2BM%2FVj%2BubLxdJQznS8HzYhTu%2FLE3RqSic9G46q1WNMLz7QTM5jLYiOnUf7oSHEmTk3WIb%2BHayer3aHMfT%2FAKGb0QaD1NTpU0xby7xJhHMNwRo%2BbKFIdKXqdUjJ4h%2BYUy%2FGREHJhyeczvymj1s8%2F8nmMlhlY2mlBZXsBXojiG3V1InMzFdjmaOx%2B7G1d9ZGgCRajZcTZR99m0c6KN26Bx69F0VVmXj0wHFgR862xM67I5%2FljhgL6%2BKFbSDl%2FaQ1PNr2AGtfgIg8frQvnL%2FDmJqfUT3WY1xISN5pclVWEsY6DtL73oGHKDIKfjNTIt%2F86gzxrJe5RU9Qbaz4JloczrPWBayh3fnUtBDZH%2B1K7H40vRytmdZhwSHEok9Dfy%2BTw64PQFDdnrby8PVQgaXqYXW4IDHnAS5RhwpitDEKYbvd8DmQ2K58j4CmHLxgcdjwLw%3D%3D&url=https%3A%2F%2Fwww.mercadolibre.com.mx%2Fanfei-128-ft-pantalla-hd-tactil-smart-watch-reloj-inteligente-hombres-compatible-con-iosandroid-llamada-bluetooth-ip67-reloj-de-pantalla-asistente-de-voz-monitoreo-de-deportivo-salud-negro%2Fp%2FMLM37356051%23searchVariation%3DMLM37356051%26position%3D39%26search_layout%3Dgrid%26deal_print_id%3D842944f5-91f5-40f0-a608-73eea6c0c587%26tracking_id%3Dc793efff-eefe-45e0-b594-11b627da58a8&lm=-1902459389,https://mercadolibre.com/sec/2447fDv
https://www.mercadolibre.com.mx/mesa-plegable-de-plastico-portatil-resistente-jardin-120-mt-color-blanco/p/MLM26986024,https://mercadolibre.com/sec/1Bdty7R
https://articulo.mercadolibre.com.mx/MLM-2291439127-corral-bebe-gimnasio-de-juegos-porterias-y-tablero-infantil-_JM?searchVariation=191603867685,https://mercadolibre.com/sec/1FSeyJz
https://www.mercadolibre.com.mx/recipientes-hermeticos-de-vidrio-almacenamiento-cocina-5-pz-color-transparente/p/MLM59117483,https://mercadolibre.com/sec/1bZrRrV
https://www.mercadolibre.com.mx/pack-2-sillas-de-oficina-giratorias-cuory-negro-de-malla-con-altura-ajustable/p/MLM41522565,https://mercadolibre.com/sec/1o7pCbM
https://www.mercadolibre.com.mx/maquina-rasuradora-de-viaje-wahl-travel-shaver-dorada-inalambrica-para-barba-ligera-y-compacta-rasuradora-ideal-para-viajeros/p/MLM44724512,https://mercadolibre.com/sec/15WiJNP
https://www.mercadolibre.com.mx/estereo-retractil-1din-pantalla-tactil-automatica-7-pulgadas-1din-autoestereo-para-carro-audio-vehiculos-auto-estereo-con-bluetooth-mirrorlink-fm-eq-bt-hd-aux-tf-usb-camara/p/MLM61755032,https://mercadolibre.com/sec/1GBdpwf
https://www.mercadolibre.com.mx/kids-house-tocador-de-juguete-para-ninas-salon-de-belleza-vanity-set-tocador-con-espejo-banco-y-accesorios-de-madera-juego-de-maquillaje-infantil/p/MLM29604381,https://mercadolibre.com/sec/2MV32EY
https://www.mercadolibre.com.mx/triciclo-apache-con-cajuela-blancorosa/p/MLM57113031,https://mercadolibre.com/sec/2MohbvF
https://www.mercadolibre.com.mx/reloj-smartwatch-xiaomi-redmi-watch-5-lite-196-amoled-bt-gps-black/p/MLM42520227,https://mercadolibre.com/sec/2EEgxWi
https://click1.mercadolibre.com.mx/mclics/clicks/external/MLM/count?a=y%2FMIrKcDt2vS%2BYTWCcDIWQR6pUavemQjZ7uqF8T%2Fq7ohzXlDRS8x0K72C%2Ff13rU2jAOKhv5a6ihoh%2Bo4lbkBODPH3rwMIrvdU%2BWrMBaxak5LZ7JUFnqoRT3uo3QASrJPZ%2B8x7O8PUqivbb%2BKtl3TU9huc8N5ElXH95gpmYCCS3UzgB%2FVtLuyRTPzSAIAH9YF2VM8C6XmVmuXFMJ3RM%2FQqGwX0a%2B4rzFLqRbxGjV0NAqti%2Blept4FBuCcN74vEaB3NgNsofqgS550GWXPje0wkr6uB3Li9aC%2Fe0Tf9MS693rKeTshYRZOqi13Ec4QVxL9Heqw%2BIbTQtUzkVQ4Hi42w2NG66oKHSmpP2FGNDgovFBf7ZXkkr%2BcvxiSIhobJJmDr7hdWJDGRSavrms4JipcOuLRF8gGEhVqYcP1Jh0E81xgviyDNkF8yGsW9DcvEL0ZzjZSwtipj19rk3rt%2F%2BUx2IHVfcRncJa8pVevA7xdWOrRnlvuVNzCOpKyxrnyPfj71cA8PW6htpPG7ZsHkWvIACWZfm%2Ff0tp1qc3tQPiX44sD&url=https%3A%2F%2Fwww.mercadolibre.com.mx%2Freloj-inteligente-smart-watches-smartwatch-mujer-185-smart-watch-mujer-notificacion-de-mensajes-iosandroid-smartwatches-deportivo-salud-marco-de-metal-lcd-fitness-bluetooth-de-la-caja-rosa%2Fp%2FMLM34239223%23searchVariation%3DMLM34239223%26position%3D19%26search_layout%3Dgrid%26deal_print_id%3D9dcb3302-e5e9-402a-97f9-d98d282ac78b%26tracking_id%3Db086b784-a17d-4190-a0f0-8025adf35718&lm=-2056941508,https://mercadolibre.com/sec/2r51iMA
https://www.mercadolibre.com.mx/npk-muneca-bebe-de-silicona-48cm-suaves-munecas-nina-reborn/p/MLM57093528,https://mercadolibre.com/sec/23w7vdx
https://www.mercadolibre.com.mx/scooter-electrico-e2-para-ninos-15kmh-60-90-honey-whale-minutos-de-uso-luz-led-multicolor-color-verde-musgo-honeywhale-patin-electrico-ninos-y-ninas/p/MLM37405031,https://mercadolibre.com/sec/1kTL6Df
https://www.mercadolibre.com.mx/ultrabook-laptop-t152a-156-rosa-32gb-de-ram-1tb-ssd-intel-celeron-auusda/p/MLM37675322,https://mercadolibre.com/sec/189kSV2
https://www.mercadolibre.com.mx/ultrabook-laptop-t152a-156-rosa-32gb-de-ram-1tb-ssd-intel-celeron-auusda/p/MLM37675322,https://mercadolibre.com/sec/189kSV2
https://www.mercadolibre.com.mx/bicicleta-para-nina-bicicleta-infantil-pale-rosa-r16-color-rose-tamano-del-cuadro-16/p/MLM62413847,https://mercadolibre.com/sec/1VpYZE5
https://www.mercadolibre.com.mx/ultrabook-laptop-t152a-156-rosa-32gb-de-ram-1tb-ssd-intel-celeron-auusda/p/MLM37675322,https://mercadolibre.com/sec/189kSV2
https://www.mercadolibre.com.mx/bicicleta-para-nina-bicicleta-infantil-pale-rosa-r16-color-rose-tamano-del-cuadro-16/p/MLM62413847,https://mercadolibre.com/sec/1VpYZE5
https://www.mercadolibre.com.mx/ultrabook-laptop-t152a-156-rosa-32gb-de-ram-1tb-ssd-intel-celeron-auusda/p/MLM37675322,https://mercadolibre.com/sec/189kSV2
https://www.mercadolibre.com.mx/bicicleta-para-nina-bicicleta-infantil-pale-rosa-r16-color-rose-tamano-del-cuadro-16/p/MLM62413847,https://mercadolibre.com/sec/1VpYZE5
https://articulo.mercadolibre.com.mx/MLM-3366817372-patin-scooter-electrico-e2-pninos-honey-whale-15kmh-138w-_JM?searchVariation=181688249770,https://mercadolibre.com/sec/2ExmVRn
https://www.mercadolibre.com.mx/bicicleta-para-nina-bicicleta-infantil-pale-rosa-r16-color-rose-tamano-del-cuadro-16/p/MLM62413847,https://mercadolibre.com/sec/1VpYZE5
https://www.mercadolibre.com.mx/bicicleta-para-nina-bicicleta-infantil-pale-rosa-r16-color-rose-tamano-del-cuadro-16/p/MLM62413847,https://mercadolibre.com/sec/1VpYZE5
https://articulo.mercadolibre.com.mx/MLM-3366817372-patin-scooter-electrico-e2-pninos-honey-whale-15kmh-138w-_JM?searchVariation=181688249770,https://mercadolibre.com/sec/2ExmVRn
https://www.mercadolibre.com.mx/bicicleta-para-nina-bicicleta-infantil-pale-rosa-r16-color-rose-tamano-del-cuadro-16/p/MLM62413847,https://mercadolibre.com/sec/1VpYZE5
https://articulo.mercadolibre.com.mx/MLM-3366817372-patin-scooter-electrico-e2-pninos-honey-whale-15kmh-138w-_JM?searchVariation=181688249770,https://mercadolibre.com/sec/2ExmVRn
https://articulo.mercadolibre.com.mx/MLM-3366817372-patin-scooter-electrico-e2-pninos-honey-whale-15kmh-138w-_JM?searchVariation=181688249770,https://mercadolibre.com/sec/2ExmVRn
https://articulo.mercadolibre.com.mx/MLM-3366817372-patin-scooter-electrico-e2-pninos-honey-whale-15kmh-138w-_JM?searchVariation=181688249770,https://mercadolibre.com/sec/2ExmVRn
https://articulo.mercadolibre.com.mx/MLM-3366817372-patin-scooter-electrico-e2-pninos-honey-whale-15kmh-138w-_JM?searchVariation=181688249770,https://mercadolibre.com/sec/2ExmVRn
https://articulo.mercadolibre.com.mx/MLM-3366817372-patin-scooter-electrico-e2-pninos-honey-whale-15kmh-138w-_JM?searchVariation=181688249770,https://mercadolibre.com/sec/2ExmVRn
https://www.mercadolibre.com.mx/samsung-galaxy-tab-a9-color-gris/p/MLM28074457,https://mercadolibre.com/sec/1XbfzJp
https://www.mercadolibre.com.mx/mesa-de-exterior-selectshop-180mesaplegable-de-plastico-portatil-180m-color-blanco/p/MLM26952166,https://mercadolibre.com/sec/1kZYxzM
https://www.mercadolibre.com.mx/mesa-de-exterior-selectshop-180mesaplegable-de-plastico-portatil-180m-color-blanco/p/MLM26952166,https://mercadolibre.com/sec/1kZYxzM
https://www.mercadolibre.com.mx/samsung-galaxy-tab-a9-color-gris/p/MLM28074457,https://mercadolibre.com/sec/1XbfzJp
https://www.mercadolibre.com.mx/mesa-de-exterior-selectshop-180mesaplegable-de-plastico-portatil-180m-color-blanco/p/MLM26952166,https://mercadolibre.com/sec/1kZYxzM
https://articulo.mercadolibre.com.mx/MLM-3366817372-patin-scooter-electrico-e2-pninos-honey-whale-15kmh-138w-_JM?searchVariation=181688249770,https://mercadolibre.com/sec/2ExmVRn
https://www.mercadolibre.com.mx/mesa-de-exterior-selectshop-180mesaplegable-de-plastico-portatil-180m-color-blanco/p/MLM26952166,https://mercadolibre.com/sec/1kZYxzM
https://www.mercadolibre.com.mx/mesa-de-exterior-selectshop-180mesaplegable-de-plastico-portatil-180m-color-blanco/p/MLM26952166,https://mercadolibre.com/sec/1kZYxzM
https://www.mercadolibre.com.mx/mesa-de-exterior-selectshop-180mesaplegable-de-plastico-portatil-180m-color-blanco/p/MLM26952166,https://mercadolibre.com/sec/1kZYxzM
https://www.mercadolibre.com.mx/samsung-galaxy-tab-a9-color-gris/p/MLM28074457,https://mercadolibre.com/sec/1XbfzJp
https://articulo.mercadolibre.com.mx/MLM-3366817372-patin-scooter-electrico-e2-pninos-honey-whale-15kmh-138w-_JM?searchVariation=181688249770,https://mercadolibre.com/sec/2ExmVRn
https://www.mercadolibre.com.mx/mesa-de-exterior-selectshop-180mesaplegable-de-plastico-portatil-180m-color-blanco/p/MLM26952166,https://mercadolibre.com/sec/1kZYxzM
https://www.mercadolibre.com.mx/mesa-de-exterior-selectshop-180mesaplegable-de-plastico-portatil-180m-color-blanco/p/MLM26952166,https://mercadolibre.com/sec/1kZYxzM
https://www.mercadolibre.com.mx/mesa-de-exterior-selectshop-180mesaplegable-de-plastico-portatil-180m-color-blanco/p/MLM26952166,https://mercadolibre.com/sec/1kZYxzM
https://www.mercadolibre.com.mx/mesa-de-exterior-selectshop-180mesaplegable-de-plastico-portatil-180m-color-blanco/p/MLM26952166,https://mercadolibre.com/sec/1kZYxzM
https://articulo.mercadolibre.com.mx/MLM-3366817372-patin-scooter-electrico-e2-pninos-honey-whale-15kmh-138w-_JM?searchVariation=181688249770,https://mercadolibre.com/sec/2ExmVRn
https://www.mercadolibre.com.mx/mesa-de-exterior-selectshop-180mesaplegable-de-plastico-portatil-180m-color-blanco/p/MLM26952166,https://mercadolibre.com/sec/1kZYxzM
https://www.mercadolibre.com.mx/mesa-de-exterior-selectshop-180mesaplegable-de-plastico-portatil-180m-color-blanco/p/MLM26952166,https://mercadolibre.com/sec/1kZYxzM
https://articulo.mercadolibre.com.mx/MLM-3366817372-patin-scooter-electrico-e2-pninos-honey-whale-15kmh-138w-_JM?searchVariation=181688249770,https://mercadolibre.com/sec/2ExmVRn
https://www.mercadolibre.com.mx/mesa-de-exterior-selectshop-180mesaplegable-de-plastico-portatil-180m-color-blanco/p/MLM26952166,https://mercadolibre.com/sec/1kZYxzM
https://www.mercadolibre.com.mx/mesa-de-exterior-selectshop-180mesaplegable-de-plastico-portatil-180m-color-blanco/p/MLM26952166,https://mercadolibre.com/sec/1kZYxzM
https://www.mercadolibre.com.mx/mesa-de-exterior-selectshop-180mesaplegable-de-plastico-portatil-180m-color-blanco/p/MLM26952166,https://mercadolibre.com/sec/1kZYxzM
https://www.mercadolibre.com.mx/mesa-de-exterior-selectshop-180mesaplegable-de-plastico-portatil-180m-color-blanco/p/MLM26952166,https://mercadolibre.com/sec/1kZYxzM
https://www.mercadolibre.com.mx/reloj-para-hombres-invicta-pro-diver-44716-acero/p/MLM29151572,https://mercadolibre.com/sec/2sALJaa
https://articulo.mercadolibre.com.mx/MLM-3065565488-camara-de-seguridad-wifi-foco-hd-1080p-nocturna-alarma-2pcs-_JM?searchVariation=182740545885,https://mercadolibre.com/sec/2dLZQMd
https://www.mercadolibre.com.mx/tablet-10-android-15-30gb128gb-rom-5gwifi-con-funda-teclado-azul/p/MLM62318849,https://mercadolibre.com/sec/2oLvg3i
https://www.mercadolibre.com.mx/estante-cuory-5-niveles-metal-mdf-ajustable-180x40x90-cm-gris/p/MLM40200636,https://mercadolibre.com/sec/2s8twSa
https://articulo.mercadolibre.com.mx/MLM-2701471594-chamarras-capuchaaire-libre-impermeable-del-remiendo-hombres-_JM?searchVariation=179301889272,https://mercadolibre.com/sec/1gDj9nz
https://www.mercadolibre.com.mx/mercado-bebe-muneca-bebe-reborn-de-silicona-y-algodon-nino-bebe-55cm-doll/p/MLM44865558,https://mercadolibre.com/sec/2esCtWB
https://articulo.mercadolibre.com.mx/MLM-1845745023-smartwatch-mujer-hombre-reloj-inteligente-bt-llamadas-alexa-_JM?searchVariation=176821714239,https://mercadolibre.com/sec/1DbN71Z
https://articulo.mercadolibre.com.mx/MLM-2358134884-kit-de-camaras-de-seguridad-5mp-4-camaras-disco-500gb-_JM?searchVariation=179156511277,https://mercadolibre.com/sec/2axgNU4
https://www.mercadolibre.com.mx/camara-de-seguridad-2pcs-288-hd-1080p-foco-360-alarma-2-piezas-con-resolucion-2mp-vision-nocturna-incluida-color-blanco/p/MLM29590545,https://mercadolibre.com/sec/2gLMpuv
https://www.mercadolibre.com.mx/arrancador-brpom-ml383-12v-8500a-con-compresor-150psi-y-power-bank-para-auto-y-camioneta/p/MLM46210421,https://mercadolibre.com/sec/1PWFDtB
https://www.mercadolibre.com.mx/bigview-mini-proyector-hy300-pro-proyector-profesional-4k-wifi-blanco-portatil-smart-tv-12000lm/p/MLM43933278,https://mercadolibre.com/sec/2wTChUS
https://articulo.mercadolibre.com.mx/MLM-3307947144-chamarra-hombre-de-piel-pu-2-en-1-con-capucha-y-cremallera-_JM?searchVariation=184234863773,https://mercadolibre.com/sec/1BKbZvC
https://www.mercadolibre.com.mx/2025-tablet-101-pulgadas-android-15-20gb-ram-128gb-rom-tf-1tb-hd-ips-tablets-2-en-1-con-teclado-raton-fund-8core-bluetooth-5024g5g-wifi-chatgpt-tableta-gms-certificacion-widevine-l1-economicas/p/MLM50884570,https://mercadolibre.com/sec/2YUKQEW
https://www.mercadolibre.com.mx/rotomartillo-perforator-cincelator-demoledor-sds-industrial-4500w-con-accesorios/p/MLM39457087,https://mercadolibre.com/sec/2G7NfH3
